<?xml version="1.0"?>

<resultset statement="SELECT * FROM Hospital.medicina
LIMIT 0, 1000
"
xmlns:xsi="http://www.w3.org/2001/XMLSchema-instance">

	<row>
		<field name="idmedicina">7</field>
		<field name="idpaciente">1</field>
		<field name="nombre">Insulina</field>
		<field name="cantidad">600</field>
	</row>

	<row>
		<field name="idmedicina">9</field>
		<field name="idpaciente">5</field>
		<field name="nombre">Ibuprofeno</field>
		<field name="cantidad">400</field>
	</row>

	<row>
		<field name="idmedicina">10</field>
		<field name="idpaciente">10</field>
		<field name="nombre">Sintron</field>
		<field name="cantidad">200</field>
	</row>

	<row>
		<field name="idmedicina">11</field>
		<field name="idpaciente">9</field>
		<field name="nombre">Metamizol</field>
		<field name="cantidad">1</field>
	</row>

	<row>
		<field name="idmedicina">12</field>
		<field name="idpaciente">4</field>
		<field name="nombre">Epidural</field>
		<field name="cantidad">500</field>
	</row>

	<row>
		<field name="idmedicina">13</field>
		<field name="idpaciente">2</field>
		<field name="nombre">Heparina</field>
		<field name="cantidad">1000</field>
	</row>

	<row>
		<field name="idmedicina">14</field>
		<field name="idpaciente">7</field>
		<field name="nombre">Ibuprofeno</field>
		<field name="cantidad">600</field>
	</row>

	<row>
		<field name="idmedicina">15</field>
		<field name="idpaciente">3</field>
		<field name="nombre">Buscapinaa</field>
		<field name="cantidad">800</field>
	</row>

	<row>
		<field name="idmedicina">16</field>
		<field name="idpaciente">6</field>
		<field name="nombre">Urbason</field>
		<field name="cantidad">800</field>
	</row>

	<row>
		<field name="idmedicina">17</field>
		<field name="idpaciente">5</field>
		<field name="nombre">Aspirina</field>
		<field name="cantidad">750</field>
	</row>

	<row>
		<field name="idmedicina">18</field>
		<field name="idpaciente">8</field>
		<field name="nombre">Salbutamol</field>
		<field name="cantidad">350</field>
	</row>

	<row>
		<field name="idmedicina">19</field>
		<field name="idpaciente">10</field>
		<field name="nombre">Naprozxeno</field>
		<field name="cantidad">600</field>
	</row>

	<row>
		<field name="idmedicina">21</field>
		<field name="idpaciente">1</field>
		<field name="nombre">Paracetamol</field>
		<field name="cantidad">1000</field>
	</row>

	<row>
		<field name="idmedicina">22</field>
		<field name="idpaciente">2</field>
		<field name="nombre">Atenalol</field>
		<field name="cantidad">400</field>
	</row>

	<row>
		<field name="idmedicina">23</field>
		<field name="idpaciente">3</field>
		<field name="nombre">Atorvastatina</field>
		<field name="cantidad">400</field>
	</row>

	<row>
		<field name="idmedicina">24</field>
		<field name="idpaciente">4</field>
		<field name="nombre">Sintron</field>
		<field name="cantidad">500</field>
	</row>

	<row>
		<field name="idmedicina">25</field>
		<field name="idpaciente">7</field>
		<field name="nombre">Tranquimicil</field>
		<field name="cantidad">500</field>
	</row>

	<row>
		<field name="idmedicina">26</field>
		<field name="idpaciente">9</field>
		<field name="nombre">Omprazol</field>
		<field name="cantidad">200</field>
	</row>
</resultset>
