<?xml version="1.0"?>

<resultset statement="SELECT * FROM Hospital.paciente
LIMIT 0, 1000
"
xmlns:xsi="http://www.w3.org/2001/XMLSchema-instance">

	<row>
		<field name="idpaciente">1</field>
		<field name="nombre">Harry Potter</field>
		<field name="numero">347</field>
		<field name="genero">Masculino</field>
		<field name="habitacion">825</field>
		<field name="doctor">Alexander Fleming</field>
		<field name="unidad">Oftalmologia</field>
		<field name="patologia">Vista cansada</field>
		<field name="dieta">Normal</field>
		<field name="incontinencia">Ninguna</field>
	</row>

	<row>
		<field name="idpaciente">2</field>
		<field name="nombre">Beatrix Kiddo</field>
		<field name="numero">225</field>
		<field name="genero">Femenino</field>
		<field name="habitacion">221</field>
		<field name="doctor">Rene Favaloro</field>
		<field name="unidad">Pediatria</field>
		<field name="patologia">Varicela</field>
		<field name="dieta">Semiblanda</field>
		<field name="incontinencia">Ninguna</field>
	</row>

	<row>
		<field name="idpaciente">3</field>
		<field name="nombre">Luke Skywalker</field>
		<field name="numero">313</field>
		<field name="genero">Masculino</field>
		<field name="habitacion">145</field>
		<field name="doctor">Friedrich Miescher</field>
		<field name="unidad">Gerontologia</field>
		<field name="patologia">Alzheimer</field>
		<field name="dieta">Normal</field>
		<field name="incontinencia">Ninguna</field>
	</row>

	<row>
		<field name="idpaciente">4</field>
		<field name="nombre">Scarlett O'Hara</field>
		<field name="numero">103</field>
		<field name="genero">Femenino</field>
		<field name="habitacion">502</field>
		<field name="doctor">Santiago Ramon y Cajal</field>
		<field name="unidad">Obstetricia</field>
		<field name="patologia">Parto</field>
		<field name="dieta">Normal</field>
		<field name="incontinencia">Ninguna</field>
	</row>

	<row>
		<field name="idpaciente">5</field>
		<field name="nombre">Yoda</field>
		<field name="numero">702</field>
		<field name="genero">Desconocido</field>
		<field name="habitacion">789</field>
		<field name="doctor">Hipócrates</field>
		<field name="unidad">Traumatologia</field>
		<field name="patologia">Oreja rota</field>
		<field name="dieta">Semisolida</field>
		<field name="incontinencia">Urinaria</field>
	</row>

	<row>
		<field name="idpaciente">6</field>
		<field name="nombre">Wendy Torrance</field>
		<field name="numero">576</field>
		<field name="genero">Femenino</field>
		<field name="habitacion">375</field>
		<field name="doctor">William Harvey</field>
		<field name="unidad">Digestivo</field>
		<field name="patologia">Ulcera</field>
		<field name="dieta">Liquida</field>
		<field name="incontinencia">Renal</field>
	</row>

	<row>
		<field name="idpaciente">7</field>
		<field name="nombre">Forest Gump</field>
		<field name="numero">458</field>
		<field name="genero">Masculino</field>
		<field name="habitacion">946</field>
		<field name="doctor">Sigmund Froid</field>
		<field name="unidad">Psiquiatria</field>
		<field name="patologia">Paranoia</field>
		<field name="dieta">Diabetica</field>
		<field name="incontinencia">Urinaria</field>
	</row>

	<row>
		<field name="idpaciente">8</field>
		<field name="nombre">Mary Poppins</field>
		<field name="numero">903</field>
		<field name="genero">Femenino</field>
		<field name="habitacion">417</field>
		<field name="doctor">Wilhelm Röntgen</field>
		<field name="unidad">Oncologia</field>
		<field name="patologia">Cancer de pancreas</field>
		<field name="dieta">Hiposodica</field>
		<field name="incontinencia">Renal</field>
	</row>

	<row>
		<field name="idpaciente">9</field>
		<field name="nombre">Jack Sparrow</field>
		<field name="numero">219</field>
		<field name="genero">Masculino</field>
		<field name="habitacion">289</field>
		<field name="doctor">Joseph Lister</field>
		<field name="unidad">Peditria</field>
		<field name="patologia">Escorbuto</field>
		<field name="dieta">Solida</field>
		<field name="incontinencia">Urinaria</field>
	</row>

	<row>
		<field name="idpaciente">10</field>
		<field name="nombre">Jorobado de Notre Dame</field>
		<field name="numero">679</field>
		<field name="genero">Masculino</field>
		<field name="habitacion">459</field>
		<field name="doctor">William Osler</field>
		<field name="unidad">Oncologia</field>
		<field name="patologia">Artritis</field>
		<field name="dieta">Hiposodica</field>
		<field name="incontinencia">Urinaria</field>
	</row>
</resultset>
