<?xml version="1.0"?>

<resultset statement="SELECT * FROM Hospital.medidas
LIMIT 0, 1000
"
xmlns:xsi="http://www.w3.org/2001/XMLSchema-instance">

	<row>
		<field name="idmedida">7</field>
		<field name="idpaciente">5</field>
		<field name="data">1977-05-25</field>
		<field name="sistolica">134</field>
		<field name="diastolica">78</field>
		<field name="temperatura">32</field>
		<field name="peso">53</field>
	</row>

	<row>
		<field name="idmedida">8</field>
		<field name="idpaciente">1</field>
		<field name="data">1997-06-26</field>
		<field name="sistolica">112</field>
		<field name="diastolica">75</field>
		<field name="temperatura">37</field>
		<field name="peso">65</field>
	</row>

	<row>
		<field name="idmedida">10</field>
		<field name="idpaciente">7</field>
		<field name="data">1997-02-27</field>
		<field name="sistolica">110</field>
		<field name="diastolica">81</field>
		<field name="temperatura">39</field>
		<field name="peso">95</field>
	</row>

	<row>
		<field name="idmedida">11</field>
		<field name="idpaciente">8</field>
		<field name="data">2000-10-04</field>
		<field name="sistolica">135</field>
		<field name="diastolica">93</field>
		<field name="temperatura">39</field>
		<field name="peso">65</field>
	</row>

	<row>
		<field name="idmedida">12</field>
		<field name="idpaciente">1</field>
		<field name="data">1997-06-27</field>
		<field name="sistolica">140</field>
		<field name="diastolica">69</field>
		<field name="temperatura">36</field>
		<field name="peso">68</field>
	</row>

	<row>
		<field name="idmedida">13</field>
		<field name="idpaciente">1</field>
		<field name="data">1997-06-28</field>
		<field name="sistolica">110</field>
		<field name="diastolica">75</field>
		<field name="temperatura">38</field>
		<field name="peso">67</field>
	</row>

	<row>
		<field name="idmedida">14</field>
		<field name="idpaciente">2</field>
		<field name="data">1999-12-28</field>
		<field name="sistolica">128</field>
		<field name="diastolica">70</field>
		<field name="temperatura">36</field>
		<field name="peso">72</field>
	</row>

	<row>
		<field name="idmedida">15</field>
		<field name="idpaciente">2</field>
		<field name="data">1999-12-29</field>
		<field name="sistolica">129</field>
		<field name="diastolica">65</field>
		<field name="temperatura">35</field>
		<field name="peso">71</field>
	</row>

	<row>
		<field name="idmedida">16</field>
		<field name="idpaciente">2</field>
		<field name="data">1999-12-30</field>
		<field name="sistolica">125</field>
		<field name="diastolica">72</field>
		<field name="temperatura">37</field>
		<field name="peso">73</field>
	</row>

	<row>
		<field name="idmedida">17</field>
		<field name="idpaciente">2</field>
		<field name="data">1999-12-31</field>
		<field name="sistolica">128</field>
		<field name="diastolica">45</field>
		<field name="temperatura">36</field>
		<field name="peso">72</field>
	</row>

	<row>
		<field name="idmedida">18</field>
		<field name="idpaciente">2</field>
		<field name="data">2000-01-01</field>
		<field name="sistolica">132</field>
		<field name="diastolica">73</field>
		<field name="temperatura">37</field>
		<field name="peso">72</field>
	</row>

	<row>
		<field name="idmedida">19</field>
		<field name="idpaciente">3</field>
		<field name="data">1997-05-15</field>
		<field name="sistolica">121</field>
		<field name="diastolica">78</field>
		<field name="temperatura">36</field>
		<field name="peso">65</field>
	</row>

	<row>
		<field name="idmedida">20</field>
		<field name="idpaciente">5</field>
		<field name="data">1977-05-26</field>
		<field name="sistolica">136</field>
		<field name="diastolica">75</field>
		<field name="temperatura">31</field>
		<field name="peso">51</field>
	</row>

	<row>
		<field name="idmedida">21</field>
		<field name="idpaciente">7</field>
		<field name="data">1997-02-28</field>
		<field name="sistolica">142</field>
		<field name="diastolica">82</field>
		<field name="temperatura">39</field>
		<field name="peso">93</field>
	</row>

	<row>
		<field name="idmedida">22</field>
		<field name="idpaciente">10</field>
		<field name="data">2005-08-13</field>
		<field name="sistolica">124</field>
		<field name="diastolica">65</field>
		<field name="temperatura">39</field>
		<field name="peso">83</field>
	</row>

	<row>
		<field name="idmedida">23</field>
		<field name="idpaciente">4</field>
		<field name="data">2003-11-18</field>
		<field name="sistolica">151</field>
		<field name="diastolica">79</field>
		<field name="temperatura">39</field>
		<field name="peso">91</field>
	</row>

	<row>
		<field name="idmedida">24</field>
		<field name="idpaciente">4</field>
		<field name="data">2016-01-29</field>
		<field name="sistolica">114</field>
		<field name="diastolica">82</field>
		<field name="temperatura">35</field>
		<field name="peso">79</field>
	</row>

	<row>
		<field name="idmedida">25</field>
		<field name="idpaciente">3</field>
		<field name="data">1997-05-16</field>
		<field name="sistolica">119</field>
		<field name="diastolica">83</field>
		<field name="temperatura">36</field>
		<field name="peso">64</field>
	</row>

	<row>
		<field name="idmedida">26</field>
		<field name="idpaciente">3</field>
		<field name="data">1997-05-17</field>
		<field name="sistolica">125</field>
		<field name="diastolica">72</field>
		<field name="temperatura">37</field>
		<field name="peso">65</field>
	</row>

	<row>
		<field name="idmedida">27</field>
		<field name="idpaciente">5</field>
		<field name="data">1977-05-27</field>
		<field name="sistolica">134</field>
		<field name="diastolica">70</field>
		<field name="temperatura">37</field>
		<field name="peso">49</field>
	</row>

	<row>
		<field name="idmedida">28</field>
		<field name="idpaciente">4</field>
		<field name="data">2016-01-30</field>
		<field name="sistolica">116</field>
		<field name="diastolica">89</field>
		<field name="temperatura">40</field>
		<field name="peso">78</field>
	</row>

	<row>
		<field name="idmedida">29</field>
		<field name="idpaciente">6</field>
		<field name="data">2015-10-16</field>
		<field name="sistolica">135</field>
		<field name="diastolica">89</field>
		<field name="temperatura">36</field>
		<field name="peso">74</field>
	</row>

	<row>
		<field name="idmedida">30</field>
		<field name="idpaciente">7</field>
		<field name="data">1997-03-01</field>
		<field name="sistolica">141</field>
		<field name="diastolica">80</field>
		<field name="temperatura">40</field>
		<field name="peso">92</field>
	</row>

	<row>
		<field name="idmedida">31</field>
		<field name="idpaciente">8</field>
		<field name="data">2000-10-05</field>
		<field name="sistolica">130</field>
		<field name="diastolica">82</field>
		<field name="temperatura">39</field>
		<field name="peso">64</field>
	</row>

	<row>
		<field name="idmedida">32</field>
		<field name="idpaciente">8</field>
		<field name="data">2000-10-06</field>
		<field name="sistolica">129</field>
		<field name="diastolica">91</field>
		<field name="temperatura">38</field>
		<field name="peso">64</field>
	</row>

	<row>
		<field name="idmedida">33</field>
		<field name="idpaciente">9</field>
		<field name="data">2010-03-20</field>
		<field name="sistolica">145</field>
		<field name="diastolica">82</field>
		<field name="temperatura">41</field>
		<field name="peso">79</field>
	</row>

	<row>
		<field name="idmedida">34</field>
		<field name="idpaciente">10</field>
		<field name="data">2005-09-14</field>
		<field name="sistolica">120</field>
		<field name="diastolica">70</field>
		<field name="temperatura">39</field>
		<field name="peso">83</field>
	</row>

	<row>
		<field name="idmedida">35</field>
		<field name="idpaciente">6</field>
		<field name="data">2015-10-17</field>
		<field name="sistolica">136</field>
		<field name="diastolica">90</field>
		<field name="temperatura">35</field>
		<field name="peso">73</field>
	</row>

	<row>
		<field name="idmedida">36</field>
		<field name="idpaciente">6</field>
		<field name="data">2015-10-18</field>
		<field name="sistolica">140</field>
		<field name="diastolica">91</field>
		<field name="temperatura">37</field>
		<field name="peso">70</field>
	</row>
</resultset>
